ID,Volume,Part,Page,Date,Date_cleaned,Date_certainty,Author,Author_certainty,Author_Wkdt,sex or gender,VIAF cluster ID,Title,Imprint,Quotation,Headnote,index_category,language
part5_p128_a1,Vol.3,Part V,p128,1574.,1574,high,"Gesner, Conrad.",high,Conrad Gessner,male,49226033,"Bibliotheca, instituta et collecta primum a Conrado Gesnero.","Zurich, 1574, p. 214, col. 2.","Galfridus Chaucerus Anglus, eques auratus, Boethium de
consolatione Philosophiæ transtulit in linguam Anglicam
poemate vario. Scripsit Trophæum Lombardicum lib. i.
De principum ruina. Emblemata moralia. Amatoria
carmina. De curia Veneris. Chryseida testamentum.
Chryseidæ querimoniam. Laudes bonarum mulierum.
Cleopatræ vitam. Vitam Thysbes Babylonicæ. Vitam
Didonis Carthaginensis. De Hypsipyle & Medea. Vitam
Lucretiæ Romanæ. De Ariadna Cretensi. De Philomela
Atheniensi. De Phyllide Thracensi. De Hypermestra
Aegyptia. Somnium Chauceri. Volucrum conglobationem.
Vrbanitatis florem. Misericordiæ sepulturam. De Augea
& Telepho. Choream Dominarum. De astrolabij ratione.
Querimoniam Nigri militis. Fœminarum encomion. Nar¬
rationes diuersorum. De Troilo &̀ Chryseida. De Cæyce
& Halcyone. In obitum Blanchiae ducissæ. Tragœdias,
item Comœdias multas, ac elegias poemataque varia. Claruit
anno Domini 1450.
[In the edition of 1583 this notice is precisely similar.]",,,la
part5_p128_a2,Vol.3,Part V,p128-129,1654.,1654,high,"Quenstedt, Joannes Andreas.",high,Johannes Andreas Quenstedt,male,47557438,Dialogus de Patrius Illustrium doctrina et scriptis virorum.,"Wittebergæ, 1654, pp. 84, 86.","In Oxoniensi agro est Woodstock oppidum, quod cum nihil
habeat, quod ostentet (verba sunt Gul. Camdeni in Britan.
p. 155) Homerum nostrum Anglicum Galfredum Chaucerum,
alumnum suum fuisse gloriatur. De quo & nostris Poëtis
Anglicis (pergit idem) illud verë asseram, quod de Homero
& Graecis ille Italus dixit:
— Hic ille est, cujus de gurgite sacro
Combibit arcanos Vatum omnis turba furores.
Ille enim extra omnem ingenii aleam positus, & Poëtastros
nostros longo post se intervallo relinquens,
– jam monte potitus,
Ridet anhelantem dura ad fastigia turbam.
Haec ille. Opuscula ejus varia recenset Conrad. Gesnerus
in Bibl.
[The passage is identical in the 2nd edition of 1691.]",,,la
part5_p129_a1,Vol.3,Part V,p129,1678.,1678,high,"König, G. M.",high,Georg Matthias König,male,40126317,"Bibliotheca vetus et nova,","Altdorfi, 1678, p. 186.","CHAUCERUS (Galfr.) Anglus, A. 1400. obiit. Vid. Ghilinus,
vol. 2. pag. 102. Quenst. pag. 84.","[For the Quenstedt reference see above, 1654. Ghilinus is Girolamo Ghilini, Teatro d’Huomini Letterati, Ven. 1647.]",,la
part5_p129_a2,Vol.3,Part V,p129,1682.,1682,high,"Morhof, D. G.",high,Daniel Georg Morhof,male,24746228,"Unterricht von der Teutschen Sprache and Poesie,","Kiel, 1682, p. 238.","Der Aelteste Englische Poet wird von dem Ubersetzer des
Rapini gesetzet Geoffry Chaucer, der im Jahr 1400 gelebet.
Selbiger ist mit unter den Chymischen Poeten, und findet
sich in dess Ashmols seinen Tractat ein Getichte [sic], dessen
Uberschrifft The Tale of the Chanons Yeoman; worinnen
er von dieser Kunst handelt. Sein Bildnusz und sein
Epitaphium, welches in der Kirchen zu Westmünster zu
finden, hat er dabey abmahlen lassen. Dieser gebraucht
sich vieler alten Wörter und Redensarten, die nicht mehr
gebräuchlich seyn.
[There were subsequent editions of this work in 1700
and 1718. The notice of Chaucer is repeated in them with
slight verbal alterations.]",,,de
part5_p129_a3,Vol.3,Part V,p129,1691.,1691,high,"Ludolf (or Leutolf), Hiob.",high,Hiob Ludolf,male,7400281,Jobi Ludolfi alias Leutholf dicti ad suam Historiam Æthiopicam ante hac editam Commentarius...,"Francofurti ad Mœnum, 1691, p. 440.","L. iii, c. 6, N. lxxi.
Seldenus id etiam olim in Britannia inter Christianos in
usu fuisse docet, producto veteri rhythmi Galfredi Chauceri,
qui sub Eduardo tertio floruit, de uxore sua Bathoniensi
ante fores templi quinquies maritata, Anglicè sic cecinit:
She was a worthy woman all her live
Husbands at the Church dore had she fibe.
Id est:
Sie war ein würdig Weib in allem ihrem Leben
Der Männer fünff bekam sie für der Kirch Thür eben.
[For the Selden reference see above, pt. i, 1646.]",,,la
part5_p130_a1,Vol.3,Part V,p130,1694,1694,high,"Bentheim, H. L.",high,Heinrich Ludolf Benthem,male,25333033,"Engeländischer Kirch- und Schulen-Staat,","Lüneburg, 1694, p. 595.","[In a list of Gelehrte of the fourteenth century :]
Geoffrey Chawcer, ein grosser Poet, welchen die Engeländer
für ihren Homerum halten.
[This notice was much extended in a second edition. See
1732.]",,,de
part5_p130_a2,Vol.3,Part V,p130,1700.,1700,high,Unknown.,low,Unknown,,,"[A review of Dryden's Fables Ancient and Modern, 1700, in] Acta Eruditorum,","Leipzig, July 1700, p. 321-4.","[p. 321] Quae in laudem Chauceri, poëtarum Anglorum communis
velut patris, præposuisse in titulo hujus operis videtur
auctor Johannes Dryden, ex Virgilii Æneid. Lib. 5 : [ll.55-56.]
Nunc ultro ad cineres ipsius, & ossa parentis
(Haud equidem sine mente reor, sine Numine Divum.)
Adsumus;
non sine omine Angli jam ad ipsum Auctorem applicare
[p. 323] . . . Inde Ovidium quoque cum Chaucero poëta Anglo
poterunt.
admodum vetusto comparat, & utrumque ait patriam linguam
percoluisse, utrumque fuisse ingenuum, festivum, amantem,
utrumque Philosophiae, Philologiae, Astronomiae operam
dedisse; facilem utrique esse dictionem, sed neutrum pro¬
priis inventis multum excellere: Ovidium quippe Grae¬
corum fabulas descripsisse, Chaucerum Italorum sui temporis
poemata in suum usum convertisse; aliqua tamen Chaucerum
invenisse, Ovidium, quantum constet, nihil prorsus. Neque
minus praestare Chaucerum in affectibus atque actionibus
personarum ad vivum describendis, atque ipsa verborum
simplicitate, cum natura rerum minus saepe ferre videatur
verborum & sententiarum flexus, quales apud Ovidium
ubique ferme offendas. Quid quod Chaucerum eodem loco
Anglis habendum putat, quo Graeci Homerum, & Virgilium
Romani habebant? ... [and another page of this epitome
of the Preface dealing with Chaucer].",,,la
part5_p130_a3,Vol.3,Part V,p130-131,1704.,1704,high,Unknown.,low,Unknown,,,"[A review of The London Spy, id est Explorator Londinensis, Londini, 1703, in] Acta Eruditorum,","Leipzig, June 1704, p. 284. [Describing Dryden’s funeral.]","Postquam itaque in templum Abbatiæ Westmonasteriensis
ventum esset, cantatum est epicedium, & postrema a
quodam ejus templi Sacerdote persoluta sunt, demumque
funus, magna cum honoris significatione, medio loco inter
Chaucerum & Coulæum, insignes Anglorum Poëtas, Epicum
alterum, alterum Lyricum, tumulatum est; quo in loco ut
splendidum monumentum, tantoque viro dignum erigatur,
Nobiliores quidam Angli procurabunt.",,,la
part5_p131_a1,Vol.3,Part V,p131,1709.,1709,high,Unknown.,low,Unknown,,,"[A review of A New View of London, 1708, in] Acta Eruditorum,","Leipzig, March, 1709, p. 112.","[Account of Westminster Abbey, and the poets buried
there.] Proximi sunt Cowlejo Poetæ alii, Galfridus Chaucer,
A. 1400, Edmundus Spencerus, A. 1596 [etc.].",,,la
part5_p131_a2,Vol.3,Part V,p131,1715.,1715,high,"Mencke, Johann Burchard.",high,Johann Burckhardt Mencke,male,76466492,"Compendiöses Gelehrten-Lexicon,","Leipzig, 1715, p. 466.","Chaucer (Godfried, oder Galfried) ein in der Mathematic,
studiis elegantioribus und Poësie wohl erfahrener Ritter,
von Woodstock in Engeland, wurde wegen seiner schönen
Verse der Englische Homerus genannt, schrieb im Engl.
laudes bonarum mulierum, vitam Cleopatræ, vitam Lucretiæ
Romanæ, und andere Schrifften, welche zu London zusam¬
men gedruckt sind, und st. 1400.
[The notice is similar in the subsequent editions of 1726
and 1733. In 1750-3 this work was republished as Jöcher's
Allgemeines Gelehrten-Lexicon, and the Chaucer notice in it
has slight additions (vol. i, p. 1855, col. i). In the list of his
works, after ‘vitam Lucretiæ romanæ' is added :— ‘amorum
Troili de Chriseidae libros 2, welche letztern Franc.
Kingston [sic] in lateinische Verse gebracht, nebst andern
Schriften,’ etc. The alternative date 1402 is added for
Chaucer's death. The later edition of this Lexicon, 1787-
1822, is merely supplementary of names up to then
omitted.]",,,de
part5_p131_a3,Vol.3,Part V,p131,1722.,1722,high,Unknown.,low,Unknown,,,"[A review of Joseph Trapp's Praelectiones Poeticae in schola naturalis Philosophiae Oxonii habitae: in] Acta Eruditorum,","Leipzig, March, 1722, p. 130.","Immaturum enim Drydeni Angli judicium censet quo
ille Chauceri poema, pulcrum sane, Iliada Æneidaque
aequare imo superare contendit.",,,la
part5_p131_a4,Vol.3,Part V,p131-132,1725.,1725,high,Unknown.,low,Unknown,,,"[A review of The Survey of Cornwall, etc., by Richard Carew, 1723, in] Acta Eruditorum,","Leipzig, March, 1725, p. 121-2.","[p. 121] Utque probet, veteres Græcos & Romanos pares in
Anglia habuisse, Platoni Thomam Smith, Ionibus Thomam
Morum, Ciceroni Aschamum, Varroni Chaucerum... omnes
præstantissimos illius ævi scriptores Anglos, opponit.",,,la
part5_p132_a1,Vol.3,Part V,p132,1727.,1727,high,Unknown.,low,Unknown,,,"[A review of J. Dart's Westmonasterium, or the History and Antiquities of the Abbey-Church of St. Peter's, Westminster : in] Acta Eruditorum,","Leipzig, June, 1727, p. 243.","Galfridus Chaucer, pater Poetarum Angl., cujus vitam
prolixiorem Noster nuperæ ejus Operum editioni præmisit,
natus Londini A. 1328, denatus est Oct. 25 A. 1400.",,,la
part5_p132_a2,Vol.3,Part V,p132,1730.,1730,high,Unknown.,low,Unknown,,,"Allgemeines Historisches Lexicon,","3te Aufl., 1. Teil, Leipzig, 1730, p. 958.","CHAUCER, (Godfried oder Galfredus) ein Ritter, gebürtig
von Woodstock in Engelland, wurde wegen seiner schönen
verse der Englische Homerus zugenannt. Hiernächst war er
auch in der mathematic und in den studiis elegantioribus
wohl erfahren. Er starb an. 1400. Seine Engelländische
schrifften sind an. 1561 zu London zusammen gedruckt
worden; er hat aber geschrieben, laudes bonarum mulierum;
vitam Cleopatræ; vitam Lucretiæ Romanæ; urbanitatis
florem; misericordiæ sepulturam; de astrolabii ratione, &c.
Leland, Balæus & Pitsæus de script. Angl. Gesnerus,
Camden, &c.
[This notice is quoted from the third edition–the only
edition which the British Museum possesses–but a notice
on Chaucer also appeared in the first edition, Leipzig, 1709.
Possibly the notice in the first edition was the same as that
in Mencke’s Lexicon (see above, 1715), as Mencke virtually
based his work on the older Historisches Lexicon.]",,,de
part5_p132_a3,Vol.3,Part V,p132-133,1732.,1732,high,"Bentheim, H. L.",high,Heinrich Ludolf Benthem,male,25333033,"Neu-eröffneter Engländischer Kirch-und Schulen-Staat,","2nd Edition, Leipzig, 1732, pp. 861-2.","Geoffrey Chaucer, machte zwar die Adeliche Geburt und
der Ritter-Orden, zu der Zeit gnug ansehnlich, aber seine
Gelahrtheit [sic] und Dicht-Kunst hat ihn der Vergessenheit
entzogen, und so hochberühmt gemachet, dass er noch der
Engeländische Homerus insgemein genennet wird. Doch
findet man heutiges Tages keinen sonderlichen Geschmack
mehr an seiner Schreib-Art, weil er seine Reimen mit vielen
Frantzösischen oder Normannischen Wörtern bespicket hat;
Dennoch aber haben die Engeländer Ursache ihn annoch
hoch zu halten, weil er das Eiss in der Dicht-Kunst ihren
Landes-Leuten zuerst gebrochen hat.
[For the first edition of this work, see above, 1694.]",,,de
part5_p133_a1,Vol.3,Part V,p133,1743.,1743,high,"Bodmer, J. J.",high,Johann Jakob Bodmer,male,34498833,"Sammlung critischer, poetischer und anderer geistvollen Schriften,","siebendes Stück. Zurich, 1741-4, pp. 46-7.","Das Metrum [des mittelhochdeutschen höfischen Epos]
ist demjenigen gantz gleich, welches der Englische Schaser
noch in dem l4ten Sæculo gebraucht hat, da uns aber
verborgen ist, wie man es gelesen, oder gesungen habe.
Schaser schriebt zum Ex.:
It stood upon so high a rock
Higher standeth none in Spayne,
What manner stone this rock was
For it was like a lymed glass
But that it schon full more clere
But of what congeled matere
It was, I niste redily.
[Hous of Fame, Book iii, ll. 26-7; 33-7.]
Die Engelländer haben sich von diesem Sylbenmasse nicht
irre machen lassen, dass sie den Innhalt und die Erfindungen
darunter aus dem Gesichte verlohren hätten, ihre heutigen
Poeten finden noch ietzo die Perlen darinnen, und wissen sie
geschickt herauszunehmen. Sie halten Schasers poetisches
Naturell noch ietzo in Hochachtung, da sie seine Sprache
haben untergehen lassen. Wir aber haben unsre Schaser
mit ihrem Zahlmasse, ihrer Sprache und ihrer Poesie, unter
die Banke geworffen.",,"criticism,verse,thoughtIrregular",de
part5_p133_a2,Vol.3,Part V,p133-134,1777.,1777,high,"Herder, Johann Gottfried von.",high,Johann Gottfried Herder,male,95187266,"Von Aehnlichkeit der mittlern englischen und deutschen Dichtkunst, [published in] Deutsches Museum,","Band ii, pp. 425-6.","[p.425] Wenn nun auch hier England und Deutschland grosse
Gemeinschaft haben, wie weiter wären wir, wenn wir diese
Volksmeynungen und Sagen auch so gebraucht hätten, wie
die Britten und unsre Poesie so ganz darauf gebaut wäre,
als dort Chaucer, Spenser, Shakespear auf Glauben des
Volks baueten, daher schufen und daher nahmen. Wo sind
unsre Chaucer, Spenser und Shakespeare? Wie weit stehen
unsre Meistersänger unter jenen!...
[p.426] Ich sage nur so viel : Hätten wir wenigstens die Stücke
gesammlet, aus denen sich Bemerkungen oder Nuzbarkeiten
der Art ergäben-aber wo sind sie? Die Engländer–mit
welcher Begierde haben sie ihre alte Gesänge und Melodien
gesammlet, gedruckt und wiedergedruckt, genuzt, gelesen!
Ramsay, Percy und ihres Gleichen sind mit Beyfall aufge¬
nommen, ihre neuern Dichter Shenstone, Mason, Maller [sic]
haben sich, weingstens schön und müssig, in die Manier
hineingearbeitet: Dryden, Pope, Addison, Swift sie nach
ihrer Art gebrauchet: die ältern Dichter, Chaucer, Spenser,
Shakespear, Milton haben in Gesängen der Art gelebet,
andre edle Männer, Philipp Sidney, Selden, und wie viel
müste ich nennen, haben gesammlet, gelobt, bewundert;
aus Samenkörnern der Art ist der Britten beste Iyrische,
dramatische, mythische, epische Dichtkunst erwachsen;
und wir–wir überfüllte, satte, klassische Deutsche-wir?
– Man lasse in Deutschland nur Lieder drucken wie sie
Ramsay, Percy u. a. zum Theil haben drucken lassen, und
höre, was unsre geschmackvolle klassische Kunstrichter
sagen!",,"criticism,comparisons,meistersinger",de
part5_p134_a1,Vol.3,Part V,p134,1780.,1780,high,"Wieland, Christoph Martin.",high,Christoph Martin Wieland,male,9856912,"Oberon,",ein Gedicht in vierzehn Gesängen.,"[The whole of the 7th song of Oberon is taken from
Chaucer's Marchantes Tale. Wieland himself names Chaucer
–not Pope-as his source, see 1796 below, but although
Wieland undoubtedly knew Chaucer's original version (pro¬
bably in Tyrwhitt’s edn. of 1775-8), he unquestionably
also follows Pope's modernisation in the main. For the
question of Wieland’s debt to Chaucer and Pope respectively,
see Das Quellenverhältniss von Wieland's Oberon, von Dr. Max
Koch, Marburg, 1880, pp. 52-5.]",,"modernizations,particular,pope/works,canterburyTales,merchantTale",de
part5_p134_a2,Vol.3,Part V,p134-136,1793.,1793,high,"[Eschenburg, J. J.?]",low,Johann Joachim Eschenburg,male,59108800,"Gottfried Chaucer, [in] Charaktere der vornehmsten Dichter aller Nationen; nebst kritischen und historischen Abhandlungen über Gegenstände der schönen Künste und Wissenschaften, von einer Gesellschaft von Gelehrten,","Leipzig, 1793, vol. ii, pp. 113-139.","[This long and careful essay (27 pp.) is, so far as I know,
by far the best eighteenth-century account of Chaucer
written by any foreign writer. It is written with evident
knowledge of Chaucer's work at first hand, and is no mere
repetition of what others have said. The poems, and
Chaucer's sources, are discussed in detail, with accuracy
and insight.]
[p. 118] Mit dem klassischen Alterthum war Chaucer nicht unbe¬
kannt; das beweisen seine häufigen Anspielungen auf Stellen
der Alten. Aber ihre Dichtkunst war wenigstens nicht
das Vorbild seiner Nachahmung. Dazu war seine Welt¬
kenntniss und seine Belesenheit zu mannigfaltig. Aus den
französischen und italienischen Dichtern entlehnte er das
meiste. Aus ihnen schöpfte er nicht nur den Stoff, sondern
die ganze Behandlungsart seiner beyden und vornehmsten
Gedichte, The Knight's Tale, und The Romaunt of the Rose.
. . . . . . . . . .
[p. 119] Unter Chaucer's Hand erhielt diese Dichtung (The
Knight's Tale) viele neue Schönheiten. Einige vorzügliche
Gemälde und Beschreibungen, z. B. die von den Tempeln
des Mars, der Venus, und der Diana, und manche darein
verwebte Allegorien, haben durch die freye und edle Manier
des brittischen Dichters nicht wenig gewonnen. Nicht genug
indess, dass er manch Neues und Eignes hinzuthat; er liess
auch viel Mattes und Weitschweifiges hinweg, welches die
Lesung des italienischen Originals so oft ermüdend macht.
Auch entledigte er sich der Einförmigkeit und des Zwanges der
Stanzen, und wählte das freyere Metrum des zehnsylbigen
Iamben, von dessen glücklicher Bearbeitung er in diesem
Gedichte das erste Muster gab. Bekanntlich hat Dryden
diess Gedicht in seiner Erzählung, Palämon und Arcite,
modernisirt; aber Chaucer's kraftvoller und dabey sehr
fliessender Vers hat nicht wenig Antheil an dem Verdienste,
welches sich der Vortrag des neuern Dichters nun um so
leichter erwerben konnte.  ... [Romaunt of the Rose,
sources and characteristics.]
. . . . . . . . . .
[p. 122] Eine andre vorzüglich merkwürdige Arbeit Chaucer’s ist
sein erzählendes Gedicht, Troilus und Kressida... [His
sources, 'Lollius' and Guido de Colonna.] Aber auch hier
ist das Eigenthümliche des englischen Dichters unverkenn¬
bar; und er zeigte hier vornämlich seine Stärke in lebhafter
Erregung des Mitgefühls.  ...
[The Hous of Fame. Pope's rendering is inferior.]
[p. 123] Am berühmtesten indess von allen Werken unsers
Dichters sind seine Canterbury-Tales. Die Veranlassung zu
diesen Erzahlüngen ist ganz sinnreich ausgesonnen. [De¬
scription of the setting, and the improvement on Boccaccio's
Decameron, in that Chaucer’s personages are drawn from
many different parts of the country, and from different
classes and trades.]
[p. 124] Freylich aber sind diese Erzählungen, von Seiten ihres
innern Gehalts, ziemlich ungleich, und nicht alle von
gleichem poetischen Verdienst. Von ihrer Erfindung gehört
dem englischen Dichter wohl nur wenig eigen. Die schönste
darunter, nächst der schon angeführten Knight's-Tale, ist
ohne Zweifel, The Squirr's-Tale [sic]. [Description of this
and of the Clerkes Tale.]...
[p. 126 ] In der komischen Gattung sind The Tale of the Nonnes
Priest und January and May, durch Dryden’s und Pope's
Modernisirungen, die bekanntesten geworden; obgleich The
Miller's Tale mehr ächte komische Laune hat...In den
meisten übrigen Erzählungen Chaucer's ist mehr komische,
als ernsthafte Wendung; und die Naivetät des Tons ist
darin nicht weniger anziehend, als die Wahrheit und Leb¬
haftigkeit der ganzen Darstellung.
Mehr aber noch, als in den Erzählungen selbst, strömt
die ergiebige launigte Ader unsers Dichters in den Prologen,
womit er jedes Mährchen einleitet.
[p. 127] Hier fand er zu treffenden Sittengemälden überall Gele¬
genheit; und diese sind wirklich meisterhaft entworfen, und
mit treffender Satyre untermischt. Man bewundert den
eindringenden Scharfsinn in diesen charakteristischen Schil¬
derungen eben so sehr, als ihre glückliche Auswahl und
Mannigfaltigkeit.
Dabey sind sie durchaus original und einheimisch, nicht
flach, sondern äusserst individuell, und mit immer reger
Lebhaftigkeit ausgeführt. Unter andern sticht der Charakter
des Wirths von der Herberge der erzählenden Pilger sehr
vorthielhaft hervor. Seine Zwischenreden und Bemerk¬
ungen, womit er die Erzählungen zuweilen unterbricht,
sind überaus treffend; und er ist beinahe eben das, was der
Chor auf der griechischen Bühne war.  ...
[Chaucer's language and verse is then discussed.]",,"criticism,general,/works,canterburyTales,knightTale/works,canterburyTales,frameOrder/works,canterburyTales,criticism",de
part5_p137_a1,Vol.3,Part V,p137,1796.,1796,high,"Herder, Johann Gottfried von.",high,Johann Gottfried Herder,male,95187266,"Briefe zu Beförderung der Humanität,","achte Sammlung, Brief 98. (Herder’s Sämmtliche Werke, herausgegeben von Bernhard Suphan, Berlin, 1877-1913, Band xviii, pp. 100, 102, 107 [Passing references to ‘Chaucers Reime’].","[p. 100] Der Unterschied, den das Fragment zwischen Poesie aus
Reflexion und.. der reinen Fabel-poesie macht, ist mir aus
der Geschichte der Zeiten, auf die das Fragment weiset,
ganz erklärlich worden. So lange nämlich der Dichter
nichts seyn wollte, als Minstrel, ein Sänger, der uns die
Begebenheit selbst phantastisch vors Auge bringt und solche
mit seiner Harfe fast unmerklich begleitet, so lange ladet
der gleichsam blinde Sänger uns zum unmittelbaren An¬
schauen derselben ein. Nicht auf sich will er die Blicke
ziehen... er selbst ist in der Vision der Welt gegenwärtig,
die er uns ins Gemüth ruft.
Dies war der Ton aller Romanzen-und Fabelsänger dei
mittleren Zeit, und (um bei der Englischen Geschichte zu
bleiben, aus der das Fragment Beispiele holet) es war noch
der Ton Gottfried Chaucers, Edmund Spensers und ihres
Gleichen. Der erste in seinen Canterbury-Tales erzählt
völlig noch als ein Troubadour; er hat eine Reihe ergötz¬
ender Mährchen zu seinem Zweck der Zeitkürzung
und Lehre, charakteristisch für alle Stände und Personen,
die er erzählend einführt, geordnet; Er selbst erscheint
nicht eher, als bis an ihn zu erzählen die Reihe kommt,
da er denn seinem Charakter nach, als ein Dritter auftritt.",,,de
part5_p137_a2,Vol.3,Part V,p137-138,1796.,1796,high,"Wieland, Christoph Martin.",high,Christoph Martin Wieland,male,9856912,"An den Leser, [prefixed tol Oberon. Sämmtliche Werke,","Leipzig, 1794-1802, 42 vols., vol. xxii, pp. ii, iii.","[p. ii] Aber der Oberon, der in diesem alten Ritterromane die
Rolle des Deus ex machina spielt, und der Oberon, der dem
gegenwärtigen Gedichte seinen Nahmen gegeben, sind zwey
sehr verschiedene Wesen. Jener ist eine seltsame Art
von Spuk, ein Mittelding von Mensch und Kobold, der Sohn
Julius Cäsars und einer Fee,... der meinige ist mit dem
Oberon, welcher in Chaucer's Merchant's-Tale und Shake¬
speare's Midsummer-Night's-Dream als ein Feen- oder
Elfenkönig (King of Fayries) erscheint, eine und eben
dieselbe Person; und die Art, wie die Geschichte seines
Zwistes mit seiner Gemahlin Titania in die Geschichte
[p. iii] Hüons und Rezia’s eingewebt worden, scheint mir (mit
Erlaubniss der Kunstrichter) die eigenthümlichste Schön¬
heit des Plans und der Komposizion dieses Gedichtes zu
seyn.",,,de
part5_p138_a1,Vol.3,Part V,p138,[c. 1801?],[c. 1801?],low,"Seume, Johann Gottfried.",high,Johann Gottfried Seume,male,17304124,Chaucer an seine leere Börse [a translation of Chaucer's Compleint to his Empty Purse].,"(Seume's Sümmtliche Werke, Leipzig, 1826, Band vi, pp. 98, 99.)","[The following is the first stanza.]
Geliebte, der keine Geliebte mehr gleicht,
Ach Liebe, wie bist Du so leer;
Wie bist Du so winzig und jammerlich leicht;
Das macht mir das Leben so schwer.
Und lieber schon wär' ich zur Bahre gebleicht;
Erbarme Dich meiner, und sei wieder schwer,
Sonst leb ich nicht mehr.",,"works,otherSeparateWorks,complaintPurse",de
part5_p138_a2,Vol.3,Part V,p138-139,1812.,1812,high,"Breyer, Carl Wilhelm Friedrich.",high,Karl Wilhelm Friedrich von Breyer,male,66751636,Leben Geoffrey Chaucer's des Vaters der englischen Dichtkunst.,"Nach dem Englischen Herrn William Godwins frey bearbeitet, Jena, 1812.","[This is an admirably done paraphrase of Godwin’s Life
of Chaucer (1803), retaining all the essentials relating to
Chaucer and his work, and omitting the superfluous, as
Breyer indicates in his preface. Some twenty-one irrelevant
chapters are entirely omitted, and others are vastly reduced,
so that Breyer’s version is a little volume of 146 pages
(† 39 pages of quotation from the Romaunt of the Rose),
whereas Godwin’s forms two large volumes of 489 † 642
pages.]
Vorbericht.—Es ist allerdings ein sehr angenehmes Ge¬
schenk, welches Hr. William Godwin mit seiner ohnlängst
erschienenen Schrift: Life of Geoffrey Chaucer, nicht nur
seinen Landsleuten, den Engländern, sondern den Freunden
der Poesie und Historie überhaupt, gemacht hat. Nur der
Form, in welcher der berühmte Verfasser dies Geschenk
darbrachte, müssen wir unsern Beyfall versagen. [It is
not only a life of Chaucer, but an historical account
of the fourteenth century in England, there are too many
long digressions in it.] . . .
Was wir dem deutschen Publikum hier liefern, ist daher
im strengen Sinne des Worts eine freye Bearbeitung des
englischen Originals. Indem wir alles Ueberflüssige weg¬
schnitten, machten wir, so viel es uns möglich war, den
Vater der englischen Dichtkunst zum Mittelpunkt unsrer
ganzen Erzählung.",,"biography,general-accounts,german",de
part5_p139_a1,Vol.3,Part V,p139,1827.,1827,high,"Kannegiesser, Carl Ludwig.",high,Karl Ludwig Kannegiesser,male,59059890,"Gottfried Chaucers Canterburysche Erzählungen,","(Auswahl) übersetzt von Kannegiesser, 2 vols., Zwickau. (Taschenbibliothek auswärtiger Klassiker.)","[Vol. i, Prologue and Knightes Tale; vol. ii, Frankeleyns
prologue and Tale, Pardoneres prologue and Tale, Doctor's
[i. e. Phisiciens] prologue and Tale, Cokes Tale, i. e. Gamelyn,
not the real Cokes Tale. In verse.]",,"works,canterburyTales,editionsGerman",de
part5_p139_a2,Vol.3,Part V,p139,1837.,1837,high,"Groneman, Sarus A. J. de Ruever.",high,Sarus Adriaan Jacob de Ruever Groneman,male,37262930,"Diatribe in Johannis Wicliffi, Reformationis prodromi, Vitam, Ingenium, Scripta.","Trajecti ad Rhenum, 1837, p. 231-2 n.","Chaucerus poëmate pulcro depinxit presbyterum quendam
ruralem, quem cum adumbrabat, ob oculos eum habuisse
Wicliffum, multi putant. [He then quotes a portion of
Chaucer's description of the parson from the Prologue,
ll. 477-84, 491-5, 524-8—
‘A good man there was of religion,’ etc.]",,,la
part5_p139_a3,Vol.3,Part V,p139-140,1839.,1839,high,"Tieck, Johann Ludwig.",high,Ludwig Tieck,male,34463780,"Des Lebens Ueberfluss,","Ludwig Tieck’s gesammelte Novellen, vermehrt und verbessert, 1838-42, neue Folge, Breslau, Band 1, 1842, pp. 23, 24, 39, 104, 105, 106.","[In this story, a rare copy of Chaucer, printed by Caxton,
becomes the means of tracing the eccentric scholar, who was
forced to sell it in his poverty. The following are some of
the passages where the Chaucer is referred to.]
[p. 23] Er nahm das Tagebuch wieder vor und schlug ein Blatt
zurück. Er las laut: Heut verkaufte ich dem geizigen
Buchhändler mein seltenes Exemplar des Chaucer, jene alte
kostbare Ausgabe von Caxton. Mein Freund, der liebe,
edle Andreas Vandelmeer, hatte sie mir zu meinem Geburts¬
tage, den wir in der Jugend auf der Universität feierten,
geschenkt. Er hatte sie eigens aus London verschrieben,
sehr theuer bezahlt und sie dann nach seinem eigensin¬
nigen Geschmack herrlich und reich mit vielen gothischen
[p. 24] Verzierungen einbinden lassen. Der alte Geizhals, so
wenig er mir auch gegeben hat, hat sie gewiss sogleich nach
London geschickt, um mehr als das Zehnfache wieder zu
erhalten. Hätte ich nur wenigstens das Blatt herausge¬
schnitten, auf welchem ich die Geschichte dieser Schenkung
erzähle und zugleich diese unsre Wohnung verzeichnet hatte.
Das geht nun mit nach London oder in die Bibliothek eines
reichen Mannes. Ich bin darüber verdriesslich. Und dass
ich dies liebe Exemplar so weggegeben und unter dem Preise
verkauft habe, sollte mich fast auf den Gedanken bringen,
dass ich wirklich verarmt sei oder Noth litte; denn ohne
Zweifel war doch dieses Buch das theuerste Eigenthum, was
ich jemals besessen habe, und welches Angedenken von
ihm, von meinem einzigen Freunde! O Andreas Vandel¬
meer! Lebst du noch? Wo weilest du? Gedenkst du
noch mein?
[He tells his wife that his friend Andreas went to the
East, and he heard that he had died there of cholera. He
continues to read pages in his diary-an account of the
stress of poverty which led him to part with his Chaucer.]
[p.39] So werde ich also nun doch meinen Chaucer, von Caxton
gedruckt, verstossen und das schimpfliche Gebot des knau¬
sernden Buchhändlers annehmen müssen. Das Wort “ver¬
stossen"" hat mich immer besonders gerührt, wenn geringere
Frauen es brauchten, indem sie in der Noth gute oder
geliebte Kleider versetzen oder verkaufen mussten. Es
klingt fast wie von Kindern.—Verstossen !—Wie Lear
Cordelien, so ich meinen Chaucer.—
[They grow poorer, and are brought to great straits, until
one day a stranger drives up to the door in a magnificent
carriage and pair. It is the scholar's friend Andreas, who
has tracked him through the Chaucer.]
[p. 165] Aber nun lass uns auch vernünftig sprechen, sagte Andreas.
Dein Kapital, welches Du mir damals bei meiner Abreise
anvertrautest, hat in Indien so gewuchert, dass Du Dich
jetzt einen reichen Mann nennen kannst... In der Freude,
Dich bald wiederzusehen, stieg ich in London ans Land,
weil ich dort einige Geldgeschäfte zu berichtigen hatte. Ich
verfüge mich wieder zu meinem Bücherantiquar, um für
Deine Liebhaberei an Alterthümern ein artiges Geschenk
auszusuchen. Sieh da, sage ich zu mir selber, da hat ja
Jemand den Chaucer in demselben eigensinnigen Geschmack
[p.106] binden lassen, wie ich die Art damals für Dich ersann. Ich
nehme das Buch in die Hand und erschrecke, denn es ist das
Deinige.",,,de
part5_p141_a1,Vol.3,Part V,p141,1844.,1844,high,"Fielder, E.",high,"Fielder, Eduard.",male,76677866,"Canterburysche Ezählungen,","vol. i [no more published], Dessau, 1844.","[With an introduction and notes. The Tales of the Knight,
Miller, Reeve, Cook and Man of Law are translated into
German verse.]",,"works,canterburyTales,editionsGerman",de
part5_p141_a2,Vol.3,Part V,p141-142,1845.,1845,high,"Meyer, J.",high,"Meyer, J.",male,,[Article Chaucer in] Das grosse Conversations-Lexicon,"für die gebildeten Stände. Hildburghausen, 1840-55, vol. vii, pt. ii, 1845, pp. 47-49.","[p.47,
col. 2]
Chaucer, Geoffroy, der Vater der englischen Dichtkunst
genannt. Wie eifrig bes. engl. Biographen über C.'s Lebens¬
umstände auch nachgeforscht haben, so ist doch bis jetzt
noch Vieles dunkel geblieben. Das J. 1328 wird gewöhul.
als das seiner Geburt bezeichnet [etc., a full life, based
on Leland, Godwin, the Testament of Love, etc.].
[p. 48,
col. 2]
C.'s Werke sind in verschiedenen Handschriften aufbe¬
wahrt, was ihre fortwährende Popularität bezeugt, und nach¬
her häufig gedruckt worden. Eines der ersten Produkte von
Caxtons Presse ist eine Ausgabe der Canterbury-Erzähl¬
ungen.  ... Als Beweis von C.'s Popularität in Schottland
mag gelten, dass eine der frühesten Arbeiten der schottischen
Presse seine “Klage des schwarzen Ritters"" war, die 1508
von Chapman und Myllar... gedruckt wurde. [Thynne’s
1532 edn., noted and Tyrwhitt's edn. of the C. Tales much
praised, “ein Muster der Akkuratesse und kritischen
Behandlung.""]
C.'s Verdienste als Dichter sind nicht gewöhnlicher Art,
[p. 49,
col.1]
aber indem wir sie zu würdigen suchen, müssen wir das
Zeitalter betrachten, in welchem er lebte und dichtete. C.
musste die Sprache erst schaffen, in der er schrieb; auch in
England herrschte die Unsitte, dass man am liebsten in
fremden Zungen sprach und darüber die eigene Mutter¬
sprache vernachlässigte... [an account of earlier English
14th century poetry, Piers Plowman, Gower.] C. mag schon
als Dichter bekannt gewesen seyn, als Langland seine Vi¬
sionen schrieb, sein grösstes Werk fällt aber zwanzig Jahre
später.
Sein Hauptverdienst in Bezug auf die Versifikation
besteht darin, dass er sie natürlicher, regelmässiger und
gedrängter machte, indem er die Alliteration abschaffte
und den unregelmässigen Alexandriner in eine Kunst¬
gerechtere Form brachte. Sein Versmass, die zehn-und¬
achtsylbige Zeile, ist fast von allen englischen Dichtern, von
Spencer bis Byron, beibehalten worden.
In C.'s Schriften fühlt man nicht nur seinen eigenen
persönlichen Charakter und Geist, sondern auch den
Einfluss seines Verkehrs mit der Welt. [His followers
imitated his style and manner, but were quite unable to
catch his spirit and character. It is noteworthy that C.
translated many French and Italian works into English, but
always in such a way that they had far more the character
of original works than of translations.] Lebhafte Phantasie,
Eleganz und Schönheit der Beschreibungen bezeichnen alle
seine Werke; aber all die Anmuth und Schönheit seiner
allegor. Schriften bleibt weit hinter seinem Talent zurück,
das Leben der Menschen zu schildern, wie er es in den
unsterblichen Canterbury-Erzählungen that. In diesem
Werke... bringt er einen bunten Haufen allerhand
"" sündhaften Volkes"" zusammen... [description of the O.
[p. 49,
Tales.]
col. 2]
Nichts übertrifft die Kunst, mit welcher die Lebensart
u. die Eigenthümlichkeiten der Pilger in der Haupteinleitung
geschildert sind. Jede einzelne Erzählung ist ein wahrer
Schatz von Humor und ein Zeugniss genauester Kenntniss
der menschlichen Natur; dieses Werk C.’s bleibt stets eine
der schönsten Zierden der engl. Literatur.",,"biography,general-accounts,german/works,canterburyTales,criticism",de
part5_p142_a2,Vol.3,Part V,p142,1847.,1847,high,"Fielder, E.",high,"Fielder, Eduard.",male,76677866,"Zur Beurtheilung des Chaucer,","[on Chaucer’s debt to Latin writers,] in Archiv für das Studium der neueren Sprachen und Litteraturen, vol. ii, pp. 151-169 and 390-402.",,,,de
part5_p143_a1,Vol.3,Part V,p143,1847.,1847,high,"Gesenius, F. W.",high,Friedrich Wilhelm Gesenius,male,42703207,De Lingua Chauceri.,"Diss. Bonn, pp. 87.","[For a summary of this, see Early English Pronunciation,
by A. J. Ellis, 1867-71, vol. iii, pp. 664-671.]",,,la
part5_p143_a2,Vol.3,Part V,p143,1849.,1849,high,"Gesenius, F. W.",high,Friedrich Wilhelm Gesenius,male,42703207,Probe eines Chaucerschen Manuscriptes der Nationalbibliothek in Paris,"[in] Archiv für das Studium der neueren Sprachen und Litteraturen, vol. v, pp. 1-15.",,,,de
part5_p143_a3,Vol.3,Part V,p143,1853.,1853,high,"Behnsch, Ottomar.",high,Ottomar Behnsch,male,47505396,Geschichte der Englischen Sprache und Litteratur,"von den ältesten Zeiten bis zur Einführung der Buchdruckerkunst, Breslau 1853, pp. 180-97.","[A good short account of Chaucer and his work; his
knowledge of versification is upheld and vindicated, in con¬
tradistinction to the view of English writers, e.g. R.
Chambers in the Cyclopædia of English Literature, 1844,
who is quoted as stating that Chaucer, whenever it suits
him, “makes accented syllables short, and short syllables
emphatic."" Behnsch points out the different accentuation of
the French words used by Chaucer (natúre, coráges, etc.), as
well as the sounding of the final ""e,"" and shows how much
this affects the proper scansion of his verse.]",,"biography,general-accounts,german/criticism,verse,praised",de
part5_p143_a4,Vol.3,Part V,p143-144,1856.,1856,high,"Hertzberg, Wilhelm.",high,ويلهلم هيرتزبيرغ,male,72153653,"Die Erzählung des Weibes von Bath,","aus Gottfried Chaucer’s ‘Canterbury-Erzählungen.’ Translated into German heroic verse, [in] Deutsches Museum, hrsg. von Robert Prutz, No. 6, Feb. 7, 1856, pp. 193-202. Geoffrey Chaucer's Leben und Schriftstellerischer Charakter [in] Deutsches Museum, No. 8, Feb. 21, 1856, pp. 271-89.","[A very good account of Chaucer’s life and work.]
[p. 288] Chaucer's Charakteristiken lösen eins der schwerigsten
Probleme der Kunst: sie sind individuell und typisch zu¬
gleich; das heisst, sie machen auf uns einestheils den Eindruck
[p. 289] einer concreten lebendigen Persönlichkeit und stellen doch
andererseits eine ganze Classe von Personen dar, und da sie
die Darstellung der aüssern Erscheinung an Eigenthümlich¬
keiten des menschlichen Geistes knüpfen, die zu allen Zeiten,
wenn auch unter andern Formen wesentlich dieselben
bleiben, so werden wir dadurch unwillkürlich und wie
durch magischen Zwang in diejenigen Zeiten und Sitten
zurückversetzt, deren Schilderung die nächste Aufgabe des
Dichters ist.  ...
Ich habe schon bemerkt, dass die komischen Erzähl¬
ungen vortrefflich, zum Theil meisterhaft angelegt sind;
Chaucer's Hauptstärke liegt aber doch in den komischen
Digitized by Google  Original from University of Michigan
Charakter-Zeichnungen. Es steht ihm jeder Grad der Satire
zugebote. Den Hochmuth, die Unverschämtheit, vor allem
aber die Heuchelei geisselt er mit den schärfsten Hieben.
Das kleine Gebrechen, das Steckenpferd, die Thorheit—
er straft sie allerdings auch schon, indem er sie schildert, aber
er straft sie lachend–oder vielmehr lächelnd. Es ist nichts
Superkluges, keine Selbstüberhebung in dieser Ironie, es
liegt darin das gutmüthige Einverständniss, dass Jedermann
hienieden, dass auch er, der Dichter, sein Päckchen Thor¬
heit trage, dass mit Alle des Ruhms mangeln, den wir haben
sollen, nicht blos weil wir allzumal Sünder, sondern auch
–mehr oder weniger-allzumal Narren sind. Und hier¬
mit glaube ich, auf den feinsten und merkwürdigsten Zug
in Chaucer’s dichterischem Charakter hingewiesen zu haben
–auf einem Zug, der von allen Dichtern der Welt zuerst
bei ihm zur klaren Entfaltung gekommen, der seitdem
der eigenste und vielleicht der liebenswürdigste Zug des
englischen Volks-charakters geworden ist: Chaucer ist der
erste Humorist.
[The above excellent criticism is embodied in the
‘Einleitung' to Hertzberg’s translation of the Canterbury
Tales which was published ten years later. See below, 1866.]",,"biography,general-accounts,german/criticism,qualities,humourWit/works,canterburyTales,wifeBathTale/works,canterburyTales,criticism",de
part5_p144_a1,Vol.3,Part V,p144,1856.,1856,high,"P., R.",low,Unknown,,,"[A review of] Englische Dichter,","eine Auswahl englischer Dichter in deutschen Übersetzungen von O. L. H... r [in] Deutsches Museum, No. 43, Oct. 23, 1856, p. 623.","[A passing allusion to Chaucer’s times, and to the life of
him in an earlier number (No. 8) of the Deutsches Museum,
q.v. above, 1856.]",,,de
part5_p144_a3,Vol.3,Part V,p144,1859.,1859,high,"Ebert, Adolf.",high,Adolf Ebert,male,56711834,Die Englischen Mysterien,"[in] Jahrbuch für romanische und englische Sprache und Litteratur, Berlin, Jan. 1859, pp. 150, 155, 166.","[p. 150] [The national originality of the characters in the mystery
plays is remarkable, as in Chaucer’s Milleres Tale.]
[p.155] [The individual character drawing in the mysteries reminds
one of the creations of the great master Chaucer.]",,,de
part5_p145_a1,Vol.3,Part V,p145,1859.,1859,high,"Rapp, Carl Moritz.",high,Karl Moritz Rapp,male,29088568,"Vergleichende Grammatik,","Stuttgart und Tübingen, vol. iii, pp. 166-179.","[For a summary of this see Early English Pronunciation,
by A. J. Ellis, 1867-71, vol. iii, pp. 672-77.]",,,de
part5_p145_a2,Vol.3,Part V,p145,1860.,1860,high,"Pauli, Reinhold.",high,Reinhold Pauli,male,17382986,"Bilder aus Alt-England,","Gotha, 1860, chap. vii, Zwei Dichter, Gower und Chaucer.","[An English translation of this book was published in 1861.]
[pp. 184-188. Chaucer's Life.]
[pp. 193-196. His early poems.]
[pp. 196-208. The Canterbury Tales, a detailed account.]
[p. 208. Conclusion.] Auf dem Gebiete, das er sich so
köstlich abgesteckt und mit lebendigen Gestalten auszufüllen
gewusst, in einer Sprache, die fortdauert und niemals ganz
veralten kann, kommen ihm darum auch nur sehr wenige
nahe; in echt poetischem Realismus hat ihn selbst Shakspere
nicht übertroffen. Dabei versteht er mitten in der Mannig¬
[p. 209] faltigkeit seiner Darstellung, wie es der Dichter soll, Mass
und Einheit inne zu halten. Das stimmt sehr gut zu seinem
Benehmen gegenüber den grossen politischen und religiösen
Fragen seiner Zeit, die ihn niemals in die Enge getrieben wie
Gower oder in das entgegengesetze Extrem fortgerissen, über
die er vielmehr, so weit wir davon urtheilen können, im
eigenen Herzen sich völlig klar gewesen und sie daher
objectiv, wie seine ganze Natur angelegt war, zu behandeln
trachtete. Edel und reich ausgestattet wie er selber ist also
auch die Leistung, die ihn unsterblich macht. Zwar darf er
sich den wenigen Auserwählten, die den herrlichsten Lorbeer
tragen, nicht ebenbürtig an die Seite stellen, aber den
Ehrennamen: Vater der englischen Poesie trägt Niemand
würdiger.",,"biography,general-accounts,german/works,canterburyTales,criticism",de
part5_p145_a3,Vol.3,Part V,p145-146,1866.,1866,high,"Hertzberg, Wilhelm.",high,ويلهلم هيرتزبيرغ,male,72153653,Chaucer's Canterbury-Geschichten,"übersetzt in den Versmassen der Urschrift und durch Einleitung und Anmerkungen erläutert von Wilhelm Hertzberg, Bibliothek ausländischer Klassiker, 41, Hildburghausen, 1866.","[A good and close translation of the whole of the Canterbury
Tales, with the exception of Melibœus and the Parson's Tale.]
Vorwort, pp. 5-10. [Dated Bremen, 1865. The writer's
object and method in doing this translation is stated, with
some account of earlier work on Chaucer in England and in
Germany.]
Einleitung. Geoffrey Chaucer's Zeitalter, Leben und
schriftstellerischer Charakter, pp. 13-64.
[A good account of Chaucer's times and life, he is shown
definitely not to be the author of the Testament of Love,
therefore that poem can not be accepted as a biographical
source (pp. 36, 37). There follows a good deal of interest¬
ing and original literary criticism and appreciation, some of
which had already been printed in the Deuteches Museum
Feb. 21, 1856, and is here quoted under that date.]
[Here are two specimens of the translation. Prologue,
ll. 447-57.]
[p. 79] Ein gutes Weib war da; sie war nicht weit
Von Bath; doch etwas taub, das that mir leid.
Als Tuchfabrik war so berühmt ihr Haus,
Sie stach am Markte Gent und Cypern aus.
Kein Weib im Kirchspiel, die sich unterfing,
Dass sie vor ihr zum Messehören ging.
Und that es Eine, wurde sie so schlimm,
Dass die der Andacht ganz vergass vor Grimm.
Höchst prächtig sass ihr auf dem Kopf der Bund,
Ich schwöre traun, er wog beinah zehn Pfund,
[p. 80] Zum mindesten, wie sie ihn Sonntags trug.
. . . . . . . .
DAS REIMGEDICHT VOM HERRN THOPAS.
[p. 463]
Herrschaften, leiht mir euer Ohr,
Ein wahres Lied trag' ich euch vor
Von Kurzweil und von Spass;
Es that vor allem Ritterchor
Sich in Turnei und Schlacht hervor
Der edle Herr Thopas.
Er war geboren an fernem Strand,
Jenseit des Meers in fläm’schem Land,
Zu Popering am Gestade.
Sein Vater war von gutem Stand,
Er war der Herr in diesem Land,
So wollt' es Gottes Gnade.",,"works,canterburyTales,editionsGerman",de
part5_p146_a1,Vol.3,Part V,p146-147,1867.,1867,high,"Hertzberg, Wilhelm.",high,ويلهلم هيرتزبيرغ,male,72153653,Nachlese zu Chaucer,"[in] Jahrbuch für romanische und englische Litteratur, Leipzig, 1867, Bd. viii, Heft 2, pp. 129-169.","[Various points about Chaucer's life are discussed.
Hertzberg disagrees with Mr. Bond’s theory that in the
dream in the Book of the Duchesse John of Gaunt’s marriage
to Blanche of Lancaster is commemorated. He criticises
and praises Sandras’s ‘Étude,' which has just appeared, and
Kissner’s Dissertation on Chaucer's relation to Italian litera¬
ture (1867). He adds some remarks arising out of his own
translation of Chaucer sent him by two German scholars,
Herr Dr. Duroy of Hamburg, and Herr Pastor Carow.]",,,de
part5_p147_a1,Vol.3,Part V,p147,1867.,1867,high,"Kissner, Alfons.",high,Alfons Kissner,male,45048322,"Chaucer in seinen Beziehungen zur italienischen Literatur,","Diss., Marburg, 1867.",,,,de
part5_p147_a2,Vol.3,Part V,p147,1867.,1867,high,"Lemcke, Ludwig.",high,Ludwig Lemcke,male,64769607,"Kritische Anzeigen: Zur Literatur über Chaucer,","[in] Jahrbuch für romanische und englische Litteratur, Leipzig, 1867, Band viii, Heft 1, pp. 94-110.","[A long and careful review of recent Chaucer work; i.e.
Chaucer's Poetical Works, Bell and Daldy, 1867, 6 vols.;
Hertzberg’s translation of the Canterbury Tales, 1866, and
Kissner's book on Chaucer's relation to Italian literature,
1867.]",,,de
part5_p147_a3,Vol.3,Part V,p147,1867.,1867,high,"Mätzner, Eduard.",high,Eduard Maetzner,male,41930160,Altenglische Sprachproben . . .,"unter Mitwirkung von Karl Goldbeck, Berlin. 1867, vol. i, part 1, pp.g 336-347. [For part 2 see below, 1869.]","[pp. 336-338. Notes on Chaucer's life and work.
pp. 338-343. The Wyf of Bathes Tale. 400 lines.
pp. 344-346. The Romaunt of the Rose. ll. 2721-2966.
p. 347. Rondel.  ‘Your two eyn will sle me sodenly.’]",,,de
part5_p147_a6,Vol.3,Part V,p147,1869.,1869,high,"Petzold, E.",high,Ernst Petzoldt,male,2138148037698188350007,"Ueber Alliteration in den Werken Chaucers, mit Ausschluss der Canterbury Tales,","Diss., Marburg.",,,,de
part5_p148_a2,Vol.3,Part V,p148,1871.,1871,high,"Zupitza, Julius.",high,Julius Zupitza,male,2540809,"Chaucer. The Book of the Tales of Caunterbury. Prolog (A 1-858). Mit Varianten zum Gebrauch bei Vorlesungen herausgegeben,","Marburg, 1871. Second edition, Berlin, 1882, reprinted 1896.",,,"works,canterburyTales,prologue",de
part5_p148_a3,Vol.3,Part V,p148,1872.,1872,high,"Lange, P.",high,"Lange, P.",male,,"Chaucer’s Einfluss auf die Originaldichtung des Schotten Gawain Douglas,","Diss., Leipzig.",,,,de
part5_p148_a4,Vol.3,Part V,p148,1872.,1872,high,"Mamroth, F.",high,Fedor Mamroth,male,27830093,"Geoffrey Chaucer, seine Zeit und seine Abhängigkeit von Boccaccio.",Berlin. 1872.,[Of little value.],,,de
part5_p148_a5,Vol.3,Part V,p148,1873.,1873,high,"Lechler, Gotthard.",high,Gotthard Victor Lechler,male,31986877,Johann von Wiclif und die Vorgeschichte der Reformation.,"vol. i, pp. 408, 409, 453, 454; vol. ii, p. 4 note 2.",,,,de
part5_p148_a6,Vol.3,Part V,p148,1875.,1875,high,"Lindner, F.",high,Ferdinand Lindner,male,96009178,Die Alliteration bei Chaucer,"[in] Jahrbuch für romanische und englische Litteratur, Neue Folge, Bd. ii, Leipzig, 1875, pp. 311-335.","[This paper, revised, altered and translated into English,
is in the Chaucer Society Essays, 1876, part III.]",,"criticism,verse,alliteration",de
part5_p149_a2,Vol.3,Part V,p149,1878.,1878,high,"Schoepke, O.",high,"Schoepke, Otto.",male,65021131,"Dryden's Uebertragungen Chaucer’s im Verhältniss zu ihren Originalen,","Diss., Halle.","[See also Schoepke in Anglia, ii, pp. 314-53, Dryden’s
Bearbeitungen Chaucerscher Gedichte.]",,"modernizations,particular,dryden",de
part5_p150_a10,Vol.3,Part V,p150-151,"1887, 1893 and 1905.","1887, 1893 and 1905",high,"Körting, Gustav.",high,Gustav Körting,male,14892003,"Grundriss der Geschichte der Englischen Litteratur,","Münster i. W., 1887, chap. viii, pp. 154-70.","[This work, containing a valuable Chaucer bibliography,giving references to most of the important German work
on Chaucer, was re-issued in 1893 somewhat enlarged, and
again in 1905, considerably enlarged and brought up to date.
In this last issue of 1905, the Chaucer bibliography is in
chap. 12, pp. 176-96.]",,,de
part5_p150_a2,Vol.3,Part V,p150,1880.,1880,high,"Koch, J.",high,John Koch,male,159027951,"Ausgewählte kleinere Dichtungen Chaucer's, im Versmaasse des Originals in das Deutsche übertragen, und mit Erörterungen versehen.",Leipzig.,"[Containing-Pity, Words to Adam, Parlement of Foules,
Truth, Gentilesse, Stedfastnesee, Fortune, Bukton, Scogan,
Purse.]",,"works,otherSeparateWorks,minorPoems",de
part5_p150_a3,Vol.3,Part V,p150,1880.,1880,high,"Schrader, K. A.",high,"Schrader, Karl August.",male,313441153,"Das altenglische Relativpronomen, mit besonderer Berücksichtigung der Sprache Chaucers,","Diss., Kiel.",,,,de
part5_p150_a4,Vol.3,Part V,p150,1881-1888.,1881-1888,high,"Schipper, Jacob.",high,Jakob Schipper,male,30333129,"Englische Metrik in historischer und systematischer Entwickelung dargestellt,","3 vols., Bonn, vol. i, Altenglische Metrik, 1881, ch. viii. Der gereimte fünftaktige, jambische Vers vor und bei Chaucer, pp. 434-483 [and many/ Chaucer references all through this volume].","[For references to reviews of the above, and for an excellent
brief summary of Schipper’s analysis of Chaucer’s verse, see
Chaucer, by E. P. Hammond, 1908, pp. 476-478.]",,"criticism,verse,miscellaneous",de
part5_p150_a5,Vol.3,Part V,p150,1883.,1883,high,"Lange, J. A. Max.",high,"Lange, J. A. Max.",male,,"Untersuchungen über Chaucer's Boke of the Duchesse,","Diss., Halle.",,,"works,otherSeparateWorks,bookDuchess",de
part5_p150_a7,Vol.3,Part V,p150,1883.,1883,high,"Willert, H.",high,"Willert, Hans.",male,,"The Hous of Fame: Einleitung und Text-verhältniss,","Diss., Berlin.",,,,de
part5_p150_a9,Vol.3,Part V,p150,1887.,1887,high,"Einenkel, Eugen.",high,Eugen Einenkel,male,20431520,Streifzüge durch die mittelenglische Syntax unter besonderer Berücksichtigung der Sprache Chaucer’s . . .,"Mit einem Wörterbuch von W. Grote, Münster i. W.",,,"criticism,language,",de
part5_p151_a1,Vol.3,Part V,p151,1888.,1888,high,"Graef, Adolf.",high,Adolf Graef,male,281473003,"Das perfektum bei Chaucer,","Diss., Kiel, 1887, pp. 96, published Frankenhausen, 1888, pp. 102.",,,,de
part5_p151_a2,Vol.3,Part V,p151,1888.,1888,high,"Heussler, [Hans?]",low,Hans Heussler,male,118203018,"Die Stellung von Subjekt und Prädikat in der Erzählung des Melibeus und in der des Pfarrers in Chaucer's Canterbury Tales,","Diss., Wesel.",,,,de
part5_p151_a3,Vol.3,Part V,p151,1888.,1888,high,"Kunz, Siegfried.",high,Siegfried Kunz,male,291145911118627060040,"Das Verhältnis der Handschriften von Chaucer's ""Legend of Good Women,""","Diss., Breslau.",,,"works,otherSeparateWorks,legendGoodWomen",de
part5_p151_a4,Vol.3,Part V,p151,1888.,1888,high,"Willert, H.",high,"Willert, Hans.",male,,"G. Chaucer. The Hous of Fame: Text, Varianten, Anmerkungen.",Berlin.,,,"works,otherSeparateWorks,houseFame",de
part5_p151_a5,Vol.3,Part V,p151,1889.,1889,high,"Freudenberger, M.",high,"Freudenberger, Markus.",male,306177006,"Ueber das Fehlen des Auftakts in Chaucer's heroischem Verse,",Leipzig.,,,"criticism,verse,miscellaneous",de
part5_p151_a6,Vol.3,Part V,p151,1889.,1889,high,"Meyer, Carl F. H.",high,"Meyer, Carl F. H.",male,,"John Gower’s Beziehungen zu Chaucer und König Richard II.,","Diss., Bonn.",,,,de
part5_p151_a8,Vol.3,Part V,p151,1890.,1890,high,"Haeckel, W.",high,Willibald Haeckel,male,309678356,"Das Sprichwort bei Chaucer,",Leipzig.,,,,de
part5_p152_a1,Vol.3,Part V,p152,1891.,1891,high,"Ballerstedt, E.",high,Erich Ballerstedt,male,306194004,"Ueber Chaucer’s, Naturschilderungen,","Diss., Göttingen.",,,,de
part5_p152_a10,Vol.3,Part V,p152,1897.,1897,high,"Bischoff, O.",high,"Bischoff, Otto.",male,,"Ueber zweisilbige Senkung und epische Cäsur bei Chaucer,","Diss., Königsberg.","[See some account of this in Chaucer, by E. P. Hammond,
p. 499.]",,"criticism,verse,miscellaneous",de
part5_p152_a11,Vol.3,Part V,p152,1897.,1897,high,"Schade, Arthur.",high,Arthur Schade,male,162146707157500792314,"Ueber das verhältniss von Pope's ""January und May"" und ""The Wife of Bath, her Prologue"" zu den entsprechenden abschnitten von Chaucer's Canterbury Tales,","Diss., Darmstadt.",,,"modernizations,particular,pope",de
part5_p152_a12,Vol.3,Part V,p152,1898.,1898,high,"Hampel, E.",high,Wilhelm Ernst Hampel,male,291030690,"Die Silbenmessung in Chaucer's fünftaktigem Verse,","teil 1, Diss., Halle.",,,"criticism,verse,miscellaneous",de
part5_p152_a13,Vol.3,Part V,p152,1899.,1899,high,"Fischer, R.",high,Rudolf Fischer,male,37695381,"Zu der kunstformen des mittelalterlichen Epos,",Vienna.,"[Hartmann’s lwein, the Niebelungenlied, Boccaccio's Filo¬
strato and Chaucer's Troilus.]",,"works,otherSeparateWorks,troilus",de
part5_p152_a2,Vol.3,Part V,p152,1891.,1891,high,"Lange, H.",high,"Lange, H.",male,,"Die Versicherungen bei Chaucer,","Diss., Halle.",,,,de
part5_p152_a3,Vol.3,Part V,p152,1892.,1892,high,"Crow, C. L.",high,L. C. Crow,male,,Zur Geschichte des kurzen Reimpaars im Mittelenglischen . . .,"Chaucer’s House of Fame, Diss., Göttingen.",,,"criticism,verse,miscellaneous/works,otherSeparateWorks,houseFame",de
part5_p152_a4,Vol.3,Part V,p152,1892.,1892,high,"Hagedorn, H.",high,"Hagedorn, H.",male,,"Ueber die Sprache einiger nördlicher Chaucerschüler,","Diss., Göttingen.",,,,de
part5_p152_a5,Vol.3,Part V,p152,1893.,1893,high,"Graef, Adolf.",high,Adolf Graef,male,281473003,"Das futurum und die entwicklunq von schal und wil zu futurischen tempusbildern bei Chaucer,",Flensburg. (In Jahresbericht der Flensburger Handelschule.),,,,de
part5_p152_a6,Vol.3,Part V,p152,1893.,1893,high,"Kaluza, Max.",high,Max Kaluza,male,74592971,"Chaucer und der Rosenroman. Eine litterargeschichtliche Studie,",Berlin.,,,"works,otherSeparateWorks,romauntRose",de
part5_p152_a7,Vol.3,Part V,p152,1893.,1893,high,"Klaeber, F.",high,Frederick Klaeber,male,109640920,"Das Bild bei Chaucer,","Diss., Berlin.",,,,de
part5_p152_a8,Vol.3,Part V,p152,1898.,1898,high,"Paul, Hermann.",high,Hermann Paul,male,49265065,Grundriss der Germanischen Philologie.,"Strassburg, 3 vols. 1891-93, vol. ii, 1893, part i (2nd ed., 1897).","[Contains articles on:—
(i) Mittelenglishe Litteratur by A. Brandl, Chaucer, pp.
(ii) Englische Metrik by J. Schipper (continual reference to
672-682 (not of much value).",,"criticism,verse,miscellaneous",de
part5_p152_a9,Vol.3,Part V,p152,1896.,1896,high,"Morsbach, Lorenz.",high,Lorenz Morsbach,male,109941400,Mittelenglische Grammatik.,"Part I. Halle Chaucer).] (Sammlung kurzer grammatiken germanischer dialekte, No. VII).",,,"criticism,language,",de
part5_p153_a1,Vol.3,Part V,p153,1796.,1796,high,"Blankenburg, Friedrichs von.",high,Christian Friedrich von Blankenburg,male,34541802,"Litterarische Zusätze zu J. G. Sulzers allgemeiner Theorie der schönen Künste,","3 vols., Leipzig, 1796-1798, vol. i, pp. 53, 54, 498, 510, 541, vol. ii, pp. 58, 65, vol. iii, p. 54.","[This is a kind of Dictionary or Encyclopedia of the Fine
Arts, with bibliographies. The Romaunt of the Rose and
House of Fame are mentioned under ‘Allegorie’; the C.
Tales under ‘Erzählung'; the Knight's Tale, Squire’s Tale,
Rom. of the Rose and Troilus and Criseyde under ‘Helden¬
gedicht,' and Sir Thopas and Rom. of the Rose under
‘Satire.’]
[vol. i,
p. 498]
Erzählungen in Versen von englischen Dichtern :—[refer¬
ences to Warton, early legends, etc.]. Der älteste, merk¬
würdigste Dichter in dieser Gattung ist unstreitig Jeffrey
Chaucer (†1400. Seine Erzählungen sind unter dem
Nahmen der Canterbury Tales bekannt. [List of Tales
follows, with references to Tyrwhitt, Bell, Warton, etc.]",,,de
part5_p142_a1,Vol.3,Part V,p142,"1846, ff.","1846, ff.",high,Unknown.,low,Unknown,,,"Archiv für das Studium der neueren Sprachen und Litteraturen,","herausgegeben von Ludwig Herrig und Heinrich Viehoff. Quarterly. Elberfeld und Iserlohn, Braunschweig. In progress.","[A good many Chaucer articles have appeared in this from
time to time, see, for instance, General-Register zum Archiv,
Bd. 1-50, herausgegeben von Ludwig Herrig, Braun¬
schweig, 1874, p. 25, and General-Register, Bd. 51-100,
von Hermann Springer, 1900, p. 67. Two early articles
are here named, see 1847, 1849, and those by Koeppel
on Chaucer Sources in vols. 84, 86, 87, 90, 101, and a paper
by Koch on The Parlement of Foules in vols. 111, 112, may
also be noted.]",,"works,otherSeparateWorks,parliamentFowls",de
part5_p144_a2,Vol.3,Part V,p144,"1859, ff.","1859, ff.",high,Unknown.,low,Unknown,,,"Jahrbuch für romanische und englische Sprache und Litteratur,","Berlin, 1859.","[Many Chaucer articles; a few early ones are here men¬
tioned, see below, 1859, 1867, 1875.]",,,de
part5_p147_a4,Vol.3,Part V,p147,1867.,1867,high,"ten Brink, Bernhard.",high,Bernhard Egidius Konrad ten Brink,male,19829323,"Zum Romaunt of the Rose,","[in] Jahrbuch für romanische und englische Litteratur, Leipzig, 1867, Bd. viii, Heft 3, pp. 306-14.",,,"works,otherSeparateWorks,romauntRose",de
part5_p147_a5,Vol.3,Part V,p147,1869.,1869,high,"Mätzner, Eduard.",high,Eduard Maetzner,male,41930160,Altenglische Sprachproben....,"Berlin, 1869, vol. i, part 2, pp. 273-415.","[pp. 373-5. Notes on The Tale of Melibeus and on
Chaucer.
pp. 375-415. The Tale of Melibeus.]",,,de
part5_p147_a7,Vol.3,Part V,p147-148,1870.,1870,high,"ten Brink, Bernhard.",high,Bernhard Egidius Konrad ten Brink,male,19829323,"Chaucer. Studien zur Geschichte seiner Entwicklung und zur Chronologie seiner Schriften,","Münster, 1870.","[This and Professor Child’s Essay (Observations on the
Language of Chaucer, 1863) are perhaps the most remark¬
able and epoch-making single pieces of work on Chaucer
published in the I9th century. Here the development of
Chaucer’s genius under external influences was first fully
discussed, and his work was for the first time divided into
‘periods.
See a sketch on ten Brink's life and work by Kölbing,
with a full bibliography of his writings, in Englische Studien,
xvii, 186-7.]",,"works,chronology,",de
part5_p148_a1,Vol.3,Part V,p148,1871.,1871,high,"ten Brink, Bernhard.",high,Bernhard Egidius Konrad ten Brink,male,19829323,"Prolog zu den Canterbury Tales : Versuch einer Kritischen Ausgabe,",Marburg. [Beigabe der Marburger Universitätschrift diem natalem... imperatoris ac regis Guilielmi I.],,,"works,canterburyTales,prologue",de
part5_p148_a7,Vol.3,Part V,p148-149,"1877, ff.","1877, ff.",high,Unknown.,low,Unknown,,,"Englische Studien,","Heilbronn, 1877-1900; Leipzig, 1900 to present. Quarterly. [In progress.]","[This periodical contains a large number of valuable
Chaucer papers. In the Index (General-Register zu Band
1-25, Leipzig, 1902), three and a quarter pages are taken up
with references to articles and notes on Chaucer.
Among the more important are the following:—
Kölbing, E. Zu Chaucer's Cœcilien-legende, i, 215.
Zu Chaucer. The Knightes Tale, ii, 528.
Zu Chaucer’s Sir Thopas, xi, 495.
Byron und Chaucer, xxi, 331.
Zwei Bemerkungen zu Chaucer's C. Tales,
xxiv, 341.
Zu Chronologie Chaucer's Schriften, xvii, 189.
Koch, J. Ein Beitrag zur Kritik Chaucers, i, 249, and see
vii, 238, 162, etc.
Brandl, A. Ueber einige historische Anspielungen in den
Chaucer-dichtungen, xii, 161.
Rambeau, A. Chaucer's ‘House of Fame' in seinem Ver¬
hältniss zu Dante’s ‘Divina Commedia,’
ten Brink, B. Zur Chronologie von Chaucer's Schriften,
iii, 209.
xvii, 1.
Zwei Stellen in prolog der Canterbury Tales,
xxiv, 464.
Bischoff, O. Ueber zweisilbige Senkung und epische Cäsur
bei Chaucer, xxiv, 353, XXV, 339.
See, for a fuller list, Chaucer, by E. P. Hammond, 1908,
p. 546.]",,"works,otherSeparateWorks,houseFame/works,canterburyTales,criticism",de
part5_p149_a1,Vol.3,Part V,p149,"1878, ff.","1878, ff.",high,Unknown.,low,Unknown,,,"Anglia, Zeitschrift für englische Philologie,","Halle, 1878. Quarterly. [In progress.]","[A very large number of Chaucer articles, many of great
value, by Schoepke, Bech, Lange, Uhlemann, Graef, Koeppel,
Lücke, Flügel, Ballmann, Koch, and others, have appeared
in Anglia. The more important are named by E. P. Ham¬
mond in Chaucer, a bibliographical manual, 1908, p. 543;
and they are practically all referred to as they appear in the
Jahresbericht (see below, 1879).
With Anglia (1886) was published an ‘Uebersicht' of
books on English language and literature, for 1885-6,
giving full reference to Chaucer articles, and (in 1889) for
1888. This Uebersicht has appeared yearly since 1894,
which latter issue covered 1891. See also 1890, Anglia
Beiblatt.]",,,de
part5_p149_a3,Vol.3,Part V,p149,1879.,1879,high,"Wülker, R.",high,Richard Paul Wülker,male,17999922,"Altenglisches Lesebuch,","Halle, 2 vols., 1874- 1879.","[Vol. ii, 1879, contains the Squieres Tale, text from
Morris; an extract from Troilus and from the Persones Tale
and passages from Boethius.]",,,de
part5_p150_a1,Vol.3,Part V,p150,1879.,1879,high,"Würmer, A.",high,"Würmer, A.",male,,Ueber Chaucer's Lyrische Gedichte.,Steyr.,,,,de
part5_p150_a6,Vol.3,Part V,p150,1883-6.,1883-6,high,"Düring, Adolf von.",high,Adolf von Düring,male,80666654,"Geoffrey Chaucer's Werke,","3 vols. Strassburg, 1883-86.","[Vol. i, Hous of Fame, Legend of Good Women, Parle¬
ment of Foules. Vols. ii and iii, the Canterbury Tales. In
verse, with full critical remarks and appreciations, and some
notes. No more was published.]",,"works,editionsCompleteWorks,",de
part5_p150_a8,Vol.3,Part V,p150,1884.,1884,high,"ten Brink, Bernhard.",high,Bernhard Egidius Konrad ten Brink,male,19829323,"Chaucer’s Sprache und Verskunst,",Strassburg.,"[For reviews of this work, see Chaucer, by E. P. Hammond,
1908, p. 478; ten Brink’s book was translated into English
in 1901, by M. B. Smith, as The Language and Versification
of Chaucer.]",,"criticism,verse,miscellaneous/criticism,language,",de
part5_p151_a7,Vol.3,Part V,p151,1889.,1889,high,"ten Brink, Bernhard.",high,Bernhard Egidius Konrad ten Brink,male,19829323,"Geschichte der englischen Litteratur,","vol. ii, part 1, Berlin, 1889.","[The first volume of this history was published in 1887;
vol. ii, part I, which contains the study of Chaucer, in 1889;
and part 2 of vol. ii, was in the press when ten Brink died
suddenly in January, 1892; it was then corrected and edited
by Brandl, Strassburg, 1893. The Chaucer portion is vol.
ii, part 1, book 4, section v-xv (end of book 4), pp. 33-214
of the 1893 edition. It is extremely valuable, as ten Brink
combined close and scholarly textual knowledge with real
literary appreciation. This volume was translated into
English by W. Clarke Robinson in 1893, Bohn’s edn., vol. ii.]",,,de
part5_p151_a9,Vol.3,Part V,p151,"1890, ff.","1890, ff.",high,Unknown.,low,Unknown,,,Beiblatt zur Anglia.,"[Full title] Mitteilungen aus dem gesammten gebiete der englischen sprache und litteratur. Monatschrift für den englischen unterricht... herausgegeben von Ewald Flügel, Halle. [In progress.]","[This contains reviews of books, and has many Chaucer
articles and notes, as well as valuable lists of articles in
reviews, etc.]",,,de
